{"cameraMode":{"drawMode":0,"name":"Shaded","section":"Shading Mode"},"sceneLighting":false,"audioPlay":false,"sceneViewState":{"m_AlwaysRefresh":false,"showFog":true,"showSkybox":false,"showFlares":true,"showImageEffects":true,"showParticleSystems":true,"showVisualEffectGraphs":true,"m_FxEnabled":true},"in2DMode":false,"pivot":{"x":-3.167027473449707,"y":-3.38472318649292,"z":9.048269271850586},"rotation":{"x":0.22195488214492799,"y":-0.004389796406030655,"z":0.0010229790350422264,"w":0.975091278553009},"size":0.8660253882408142,"orthographic":false}