{"cameraMode":{"drawMode":0,"name":"Shaded","section":"Shading Mode"},"sceneLighting":false,"audioPlay":false,"sceneViewState":{"m_AlwaysRefresh":false,"showFog":true,"showSkybox":false,"showFlares":true,"showImageEffects":true,"showParticleSystems":true,"showVisualEffectGraphs":true,"m_FxEnabled":true},"in2DMode":false,"pivot":{"x":-0.0000011920928955078126,"y":4.124125003814697,"z":-1.1920928955078126e-7},"rotation":{"x":0.22195197641849519,"y":-0.0029354505240917207,"z":0.0006489933002740145,"w":0.9750798940658569},"size":4.441888332366943,"orthographic":false}