{"cameraMode":{"drawMode":0,"name":"Shaded","section":"Shading Mode"},"sceneLighting":true,"audioPlay":false,"sceneViewState":{"m_AlwaysRefresh":false,"showFog":true,"showSkybox":false,"showFlares":true,"showImageEffects":true,"showParticleSystems":true,"showVisualEffectGraphs":true,"m_FxEnabled":true},"in2DMode":false,"pivot":{"x":1.7587413787841797,"y":0.26088786125183108,"z":-0.016669034957885743},"rotation":{"x":0.05727997422218323,"y":-0.000007756900231470354,"z":-0.00002289083022333216,"w":0.9983763694763184},"size":4.171152591705322,"orthographic":false}