{"cameraMode":{"drawMode":0,"name":"Shaded","section":"Shading Mode"},"sceneLighting":true,"audioPlay":false,"sceneViewState":{"m_AlwaysRefresh":false,"showFog":true,"showSkybox":false,"showFlares":true,"showImageEffects":true,"showParticleSystems":true,"showVisualEffectGraphs":true,"m_FxEnabled":true},"in2DMode":false,"pivot":{"x":-0.002738475799560547,"y":0.39908599853515627,"z":0.05925798416137695},"rotation":{"x":-0.001858819741755724,"y":0.9887591600418091,"z":-0.01216904353350401,"w":-0.14913001656532288},"size":4.586793899536133,"orthographic":false}